year,sales,rise
2014,318352,0.054854753
2015,331611,0.041648867
2016,348697,0.051524226
2017,365622,0.048537842
2018,381313,0.042915908
2019,384515,0.008397301
2020,437776,0.138514752