kind,Apr.change,May.change,Jun.change
Electronic shopping,28.0890647,29.7018095,35.331707
Beer wine,13.7772926,22.5875905,21.2931551
Garden equip,4.7292295,12.8374857,24.8445409